code,system
O90.3,icd10
I42.8,icd10
Gyu5P,icd10
I43,icd10
I42.0,icd10
I42.9,icd10
G5541,icd10
G55y.,icd10
G559.,icd10
G55z.,icd10
G558z,icd10
G552.,icd10
G5545,icd10
G5580,icd10
I42.5,icd10
Gyu5N,icd10
I25.5,icd10
G343.,icd10
I42.7,icd10
G55y0,icd10
I42.3,icd10
G550.,icd10
240077004,icd10
240072005,icd10
1321241000000105,icd10
G5542,icd10
G558.,icd10
G55..,icd10
G5582,icd10
G5581,icd10
G5584,icd10
G5570,icd10
G5575,icd10
G5571,icd10
G557.,icd10
G557z,icd10
Gyu5R,icd10
F391B,icd10
G554.,icd10
G554z,icd10
C373G,icd10
C3733,icd10